Name,URL
Antonio Williams,https://clemsontigers.com/sports/football/roster/season/2023/antonio-williams/
Barrett Carter,https://clemsontigers.com/sports/football/roster/season/2023/barrett-carter/
Andrew Mukuba,https://clemsontigers.com/sports/football/roster/season/2023/andrew-mukuba/
Will Shipley,https://clemsontigers.com/sports/football/roster/season/2023/will-shipley/
Nate Wiggins,https://clemsontigers.com/sports/football/roster/season/2023/nate-wiggins/
Cade Klubnik,https://clemsontigers.com/sports/football/roster/season/2023/cade-klubnik/
Noble Johnson,https://clemsontigers.com/sports/football/roster/season/2023/noble-johnson/
Xavier Thomas,https://clemsontigers.com/sports/football/roster/season/2023/xavier-thomas/
Sherrod Covil Jr.,https://clemsontigers.com/sports/football/roster/season/2023/sherrod-covil-jr/
Josh Sapp,https://clemsontigers.com/sports/football/roster/season/2023/josh-sapp/
Sheridan Jones,https://clemsontigers.com/sports/football/roster/season/2023/sheridan-jones/
Tyler Brown,https://clemsontigers.com/sports/football/roster/season/2023/tyler-brown-wr/
Phil Mafah,https://clemsontigers.com/sports/football/roster/season/2023/phil-mafah/
Justin Mascoll,https://clemsontigers.com/sports/football/roster/season/2023/justin-mascoll/
Tr√© Williams,https://clemsontigers.com/sports/football/roster/season/2023/tre-williams/
Adam Randall,https://clemsontigers.com/sports/football/roster/season/2023/adam-randall/
Jake Briningstool,https://clemsontigers.com/sports/football/roster/season/2023/jake-briningstool/
R.J. Mickens,https://clemsontigers.com/sports/football/roster/season/2023/r-j-mickens/
Troy Stellato,https://clemsontigers.com/sports/football/roster/season/2023/troy-stellato/
Jeadyn Lukus,https://clemsontigers.com/sports/football/roster/season/2023/jeadyn-lukus/
Sage Ennis,https://clemsontigers.com/sports/football/roster/season/2023/sage-ennis/
Peter Woods,https://clemsontigers.com/sports/football/roster/season/2023/peter-woods/
Paul Tyson,https://clemsontigers.com/sports/football/roster/season/2023/paul-tyson/
T.J. Parker,https://clemsontigers.com/sports/football/roster/season/2023/tj-parker/
Tyler Davis,https://clemsontigers.com/sports/football/roster/season/2023/tyler-davis/
Brannon Spector,https://clemsontigers.com/sports/football/roster/season/2023/brannon-spector/
Trent Pearman,https://clemsontigers.com/sports/football/roster/season/2023/trent-pearman/
Shelton Lewis,https://clemsontigers.com/sports/football/roster/season/2023/shelton-lewis/
Ronan Hanafin,https://clemsontigers.com/sports/football/roster/season/2023/ronan-hanafin/
Jahiem Lawson,https://clemsontigers.com/sports/football/roster/season/2023/jahiem-lawson/
Myles Oliver,https://clemsontigers.com/sports/football/roster/season/2023/myles-oliver/
Colby Shaw,https://clemsontigers.com/sports/football/roster/season/2023/colby-shaw/
Christopher Vizzina,https://clemsontigers.com/sports/football/roster/season/2023/christopher-vizzina/
Wade Woodaz,https://clemsontigers.com/sports/football/roster/season/2023/wade-woodaz/
Hunter Helms,https://clemsontigers.com/sports/football/roster/season/2023/hunter-helms/
Kylon Griffin,https://clemsontigers.com/sports/football/roster/season/2023/kylon-griffin/
DeMonte Capehart,https://clemsontigers.com/sports/football/roster/season/2023/demonte-capehart/
Keith Adams Jr.,https://clemsontigers.com/sports/football/roster/season/2023/keith-adams-jr/
Domonique Thomas,https://clemsontigers.com/sports/football/roster/season/2023/domonique-thomas/
Avieon Terrell,https://clemsontigers.com/sports/football/roster/season/2023/avieon-terrell/
Jarvis Green,https://clemsontigers.com/sports/football/roster/season/2023/jarvis-green/
Kobe McCloud,https://clemsontigers.com/sports/football/roster/season/2023/kobe-mccloud/
Cole Turner,https://clemsontigers.com/sports/football/roster/season/2023/cole-turner/
Dee Crayton,https://clemsontigers.com/sports/football/roster/season/2023/dee-crayton/
Peyton Streko,https://clemsontigers.com/sports/football/roster/season/2023/peyton-streko/
Toriano Pride Jr.,https://clemsontigers.com/sports/football/roster/season/2023/toriano-pride-jr/
Tyler Venables,https://clemsontigers.com/sports/football/roster/season/2023/tyler-venables/
Hamp Greene,https://clemsontigers.com/sports/football/roster/season/2023/hamp-greene/
Jalyn Phillips,https://clemsontigers.com/sports/football/roster/season/2023/jalyn-phillips/
Blackmon Huckabee Jr.,https://clemsontigers.com/sports/football/roster/season/2023/blackmon-huckabee-jr/
Jay Haynes,https://clemsontigers.com/sports/football/roster/season/2023/jay-haynes/
Misun Kelley,https://clemsontigers.com/sports/football/roster/season/2023/misun-kelley/
Branden Strozier,https://clemsontigers.com/sports/football/roster/season/2023/branden-strozier/
Davian Sullivan,https://clemsontigers.com/sports/football/roster/season/2023/davian-sullivan/
Kylen Webb,https://clemsontigers.com/sports/football/roster/season/2023/kylen-webb/
Rob Billings,https://clemsontigers.com/sports/football/roster/season/2023/rob-billings/
Tristen Rigby,https://clemsontigers.com/sports/football/roster/season/2023/tristen-rigby/
Jamal Anderson,https://clemsontigers.com/sports/football/roster/season/2023/jamal-anderson/
Wise Segars Jr.,https://clemsontigers.com/sports/football/roster/season/2023/wise-segars-jr/
Griffin Batt,https://clemsontigers.com/sports/football/roster/season/2023/griffin-batt/
Ruke Orhorhoro,https://clemsontigers.com/sports/football/roster/season/2023/ruke-orhorhoro/
Armon Mason,https://clemsontigers.com/sports/football/roster/season/2023/armon-mason/
Kevin McNeal,https://clemsontigers.com/sports/football/roster/season/2023/kevin-mcneal/
Austin Randall,https://clemsontigers.com/sports/football/roster/season/2023/austin-randall/
Joseph Flesch,https://clemsontigers.com/sports/football/roster/season/2023/joseph-flesch/
Quinn Castner,https://clemsontigers.com/sports/football/roster/season/2023/quinn-castner/
Khalil Barnes,https://clemsontigers.com/sports/football/roster/season/2023/khalil-barnes/
Jacob Hendricks,https://clemsontigers.com/sports/football/roster/season/2023/jacob-hendricks/
Peter Nearn,https://clemsontigers.com/sports/football/roster/season/2023/peter-nearn/
Robert Gunn III,https://clemsontigers.com/sports/football/roster/season/2023/robert-gunn-iii/
Aidan Swanson,https://clemsontigers.com/sports/football/roster/season/2023/aidan-swanson/
Bubba McAtee,https://clemsontigers.com/sports/football/roster/season/2023/bubba-mcatee/
Brodey Conn,https://clemsontigers.com/sports/football/roster/season/2023/brodey-conn/
Jonathan Weitz,https://clemsontigers.com/sports/football/roster/season/2023/jonathan-weitz/
Caleb Nix,https://clemsontigers.com/sports/football/roster/season/2023/caleb-nix/
David Ojiegbe,https://clemsontigers.com/sports/football/roster/season/2023/david-ojiegbe/
Riggs Faulkenberry,https://clemsontigers.com/sports/football/roster/season/2023/riggs-faulkenberry/
Will Blackston,https://clemsontigers.com/sports/football/roster/season/2023/will-blackston/
Banks Pope,https://clemsontigers.com/sports/football/roster/season/2023/banks-pope/
Cade Denhoff,https://clemsontigers.com/sports/football/roster/season/2023/cade-denhoff/
Philip Florenzo,https://clemsontigers.com/sports/football/roster/season/2023/philip-florenzo/
Vic Burley,https://clemsontigers.com/sports/football/roster/season/2023/vic-burley/
Jaden Kinard,https://clemsontigers.com/sports/football/roster/season/2023/jaden-kinard/
Hogan Morton,https://clemsontigers.com/sports/football/roster/season/2023/hogan-morton/
Boston Miller,https://clemsontigers.com/sports/football/roster/season/2023/boston-miller/
Walt Smith,https://clemsontigers.com/sports/football/roster/season/2023/walt-smith/
Collin Sadler,https://clemsontigers.com/sports/football/roster/season/2023/collin-sadler/
Fletcher Cothran,https://clemsontigers.com/sports/football/roster/season/2023/fletcher-cothran/
Jaden Murray,https://clemsontigers.com/sports/football/roster/season/2023/jaden-murray/
Peyton Pitts,https://clemsontigers.com/sports/football/roster/season/2023/peyton-pitts/
Ryan Linthicum,https://clemsontigers.com/sports/football/roster/season/2023/ryan-linthicum/
Ian Reed,https://clemsontigers.com/sports/football/roster/season/2023/ian-reed/
Jeremiah Trotter Jr.,https://clemsontigers.com/sports/football/roster/season/2023/jeremiah-trotter-jr/
Payton Page,https://clemsontigers.com/sports/football/roster/season/2023/payton-page/
Harris Sewell,https://clemsontigers.com/sports/football/roster/season/2023/harris-sewell/
Will Putnam,https://clemsontigers.com/sports/football/roster/season/2023/will-putnam/
Reed Morrissey,https://clemsontigers.com/sports/football/roster/season/2023/reed-morrissey/
Jackson Hall,https://clemsontigers.com/sports/football/roster/season/2023/jackson-hall/
Chandler McMaster,https://clemsontigers.com/sports/football/roster/season/2023/chandler-mcmaster/
Holden Caspersen,https://clemsontigers.com/sports/football/roster/season/2023/holden-caspersen/
Evan McCutchen,https://clemsontigers.com/sports/football/roster/season/2023/evan-mccutchen/
Dietrick Pennington,https://clemsontigers.com/sports/football/roster/season/2023/dietrick-pennington/
Bryce Smith,https://clemsontigers.com/sports/football/roster/season/2023/bryce-smith/
Walker Parks,https://clemsontigers.com/sports/football/roster/season/2023/walker-parks/
Chapman Pendergrass,https://clemsontigers.com/sports/football/roster/season/2023/chapman-pendergrass/
Nathan Brooks,https://clemsontigers.com/sports/football/roster/season/2023/nathan-brooks/
Will Boggs,https://clemsontigers.com/sports/football/roster/season/2023/will-boggs/
Sam Judy,https://clemsontigers.com/sports/football/roster/season/2023/sam-judy/
Mason Johnstone,https://clemsontigers.com/sports/football/roster/season/2023/mason-johnstone/
Tristan Leigh,https://clemsontigers.com/sports/football/roster/season/2023/tristan-leigh/
Zack Owens,https://clemsontigers.com/sports/football/roster/season/2023/zack-owens/
Bryn Tucker,https://clemsontigers.com/sports/football/roster/season/2023/bryn-tucker/
Marcus Tate,https://clemsontigers.com/sports/football/roster/season/2023/marcus-tate/
Trent Howard,https://clemsontigers.com/sports/football/roster/season/2023/trent-howard/
John Williams,https://clemsontigers.com/sports/football/roster/season/2023/john-williams/
Mitchell Mayes,https://clemsontigers.com/sports/football/roster/season/2023/mitchell-mayes/
Blake Miller,https://clemsontigers.com/sports/football/roster/season/2023/blake-miller/
Jake Norris,https://clemsontigers.com/sports/football/roster/season/2023/jake-norris/
Beaux Collins,https://clemsontigers.com/sports/football/roster/season/2023/beaux-collins/
Olsen Patt-Henry,https://clemsontigers.com/sports/football/roster/season/2023/olsen-patt-henry/
Jackson Crosby,https://clemsontigers.com/sports/football/roster/season/2023/jackson-crosby/
Hampton Earle,https://clemsontigers.com/sports/football/roster/season/2023/hampton-earle/
Markus Dixon,https://clemsontigers.com/sports/football/roster/season/2023/markus-dixon/
Charlie Johnson,https://clemsontigers.com/sports/football/roster/season/2023/charlie-johnson/
Tristan Martinez,https://clemsontigers.com/sports/football/roster/season/2023/tristan-martinez/
Michael Mankaka,https://clemsontigers.com/sports/football/roster/season/2023/michael-mankaka/
Clay Swinney,https://clemsontigers.com/sports/football/roster/season/2023/clay-swinney/
Zach Jackson,https://clemsontigers.com/sports/football/roster/season/2023/zach-jackson/
Jack Smith,https://clemsontigers.com/sports/football/roster/season/2023/jack-smith/
Stephiylan Green,https://clemsontigers.com/sports/football/roster/season/2023/stephiylan-green/
Zaire Patterson,https://clemsontigers.com/sports/football/roster/season/2023/zaire-patterson/
Levi Matthews,https://clemsontigers.com/sports/football/roster/season/2023/levi-matthews/
Caden Story,https://clemsontigers.com/sports/football/roster/season/2023/caden-story/
Jaheim Scott,https://clemsontigers.com/sports/football/roster/season/2023/jaheim-scott/
Patrick Swygert,https://clemsontigers.com/sports/football/roster/season/2023/patrick-swygert/
A.J. Hoffler,https://clemsontigers.com/sports/football/roster/season/2023/a-j-hoffler/
